{
    "p1-configuration-configyml-html": {
        "title": "Theme Configuration",
        "content": "Theme Configuration The docs should have an index page. Generic _config.yml configuration title: Read The Docs Jekyll Theme description: Port of the Read the Docs theme to Jekyll to use with GitHub Pages. Theme Specific Configuration # Specific to this theme site_author: Carlos Pereira Atencio repo_url: 'https://github.com/carlosperate/jekyll-theme-rtd' edit_on_github: true github_docs_folder: true logo: 'https://your.url/image.png' site_favicon: 'https://your.url/here.ico' sticky_navigation: true prev_next_buttons_location: None prev_next_buttons_location: top prev_next_buttons_location: bottom prev_next_buttons_location: both search_enabled: true google_analytics: UA-XXXXX-Y google_analytics_anonymize_ip: true # The highlight.js library provides 79 different colours for their syntax highlighting. The default is github-gist. hljs_style: github-gist",
        "url": " /p1/configuration/configyml.html",
        "author": ""
    },
    "p1-faqs-html": {
        "title": "What is All This? (FAQs)",
        "content": "What is All This? (FAQs) What is Jekyll, Read The Docs, GitHub Pages or why do I need to know any of this? Well, you don’t! For a quick walkthrough to get your docs up an running with this theme see the Quick Start Guide. If you are interested to know more about all this continue reading :) Jekyll is a static site generator, you give it some markdown files, select a theme, and it builds a static website. But you still need to find a way to host it, and that’s where GitHub Pages enters the game. GitHub Pages is a service from GitHub that allows you to easily build and host a website from a GitHub repository. There are a couple of different ways to configure GitHub pages, the easiest would be to create a docs folder, add some markdown files, and with a couple of clicks configure GitHub Pages to automatically build and publish a website for your project! GitHub Pages uses Jekyll underneath, so a GitHub Pages theme is a Jekyll theme. Read The Docs is service offering free hosting for project documentation. It’s very flexible, but the easiest way to use it is with Sphinx. Similarly to Jekyll, Sphinx is also a static site generator, but focused on project documentation, and Read The Docs provides a really nice theme for it. I love the Read The Docs theme for Sphinx, but you still have to set up a Sphinx project, a Read The Docs account, and configure the integration to automatically publish your documentation from your GitHub repository. So…? For a project that is already in GitHub nothing beats the simplicity of GitHub Pages, and so this theme is a port of Read The Docs Sphinx theme to Jekyll, so that it can be easily used with GitHub Pages. Other FAQs We don’t have Frequently Asked Questions yet, if you have any please open a new issue in the theme GitHub repository.",
        "url": " /p1/faqs.html",
        "author": ""
    },
    "p1-configuration-frontmatter-html": {
        "title": "Pages Configuration",
        "content": "Pages Configuration Generic Front Matter --- layout: default title: Page Title Goes Here --- Theme Specific Front Matter --- excerpt: Short description to include as an opening and SEO metatags. nav_order: 4 nav_exclude: false canonical_url: https://www.google.com search_exclude: false ---",
        "url": " /p1/configuration/frontmatter.html",
        "author": ""
    },
    "p1": {
        "title": "Index",
        "content": "Welcome to Read The Docs Theme Project 1 for Jekyll and GitHub Pages This is a port of the Read The Docs theme to Jekyll, so that it can be used with GitHub Pages. You are previewing the theme right now, as you navigate this documentation: The original Read The Docs theme was created for the Sphinx documentation generator, and so it is designed specifically for docs. Combined with GitHub Pages it’s a great and easy way to document your projects! What Can You Find Around Here Check out the Quick Start Guide to get up and running. If some of the terms thrown around here don’t make a lot of sense, check out the What is All This? (FAQs) page. To find out more about all the theme available options see the Theme Configuration and the Pages Configuration pages. 🚧 Warning! This theme is currently a Work-In-Progress but, while some things might be broken, it should be already usable. Missing features are listed in the GitHub issues with the to-do label, and any known issues are listed with the bug label. Contributions are very welcomed!",
        "url": " /p1/",
        "author": ""
    },
    "p1-demo-pages": {
        "title": "Demo Pages Index",
        "content": "Demo Pages Index This is an index page, so the URL for this page doesn’t need to end in index.html. The rest of the content is a standard Lorem Ipsum to see what big blocks of text might look like. Index Header 1 This is a secondary header. Each many section of the document wil have one of these ##. Index Header 1.1 Lorem ipsum dolor sit amet, consectetur adipiscing elit, sed do eiusmod tempor incididunt ut labore et dolore magna aliqua. Ut enim ad minim veniam, quis nostrud exercitation ullamco laboris nisi ut aliquip ex ea commodo consequat. Duis aute irure dolor in reprehenderit in voluptate velit esse cillum dolore eu fugiat nulla pariatur. Excepteur sint occaecat cupidatat non proident, sunt in culpa qui officia deserunt mollit anim id est laborum. Sed ut perspiciatis unde omnis iste natus error sit voluptatem accusantium doloremque laudantium, totam rem aperiam, eaque ipsa quae ab illo inventore veritatis et quasi architecto beatae vitae dicta sunt explicabo. Nemo enim ipsam voluptatem quia voluptas sit aspernatur aut odit aut fugit, sed quia consequuntur magni dolores eos qui ratione voluptatem sequi nesciunt. Neque porro quisquam est, qui dolorem ipsum quia dolor sit amet, consectetur, adipisci velit, sed quia non numquam eius modi tempora incidunt ut labore et dolore magnam aliquam quaerat voluptatem. Ut enim ad minima veniam, quis nostrum exercitationem ullam corporis suscipit laboriosam, nisi ut aliquid ex ea commodi consequatur? Quis autem vel eum iure reprehenderit qui in ea voluptate velit esse quam nihil molestiae consequatur, vel illum qui dolorem eum fugiat quo voluptas nulla pariatur? Index Header 2 The content for the header 2 intro goes here. Index Header 2.1 Lorem ipsum dolor sit amet, consectetur adipiscing elit, sed do eiusmod tempor incididunt ut labore et dolore magna aliqua. Ut enim ad minim veniam, quis nostrud exercitation ullamco laboris nisi ut aliquip ex ea commodo consequat. Duis aute irure dolor in reprehenderit in voluptate velit esse cillum dolore eu fugiat nulla pariatur. Excepteur sint occaecat cupidatat non proident, sunt in culpa qui officia deserunt mollit anim id est laborum. Index Header 2.2 Lorem ipsum dolor sit amet, consectetur adipiscing elit, sed do eiusmod tempor incididunt ut labore et dolore magna aliqua. Ut enim ad minim veniam, quis nostrud exercitation ullamco laboris nisi ut aliquip ex ea commodo consequat. Duis aute irure dolor in reprehenderit in voluptate velit esse cillum dolore eu fugiat nulla pariatur. Excepteur sint occaecat cupidatat non proident, sunt in culpa qui officia deserunt mollit anim id est laborum. Index Header 3 The content for the header 3 intro goes here. Index Header 3.1 Lorem ipsum dolor sit amet, consectetur adipiscing elit, sed do eiusmod tempor incididunt ut labore et dolore magna aliqua. Ut enim ad minim veniam, quis nostrud exercitation ullamco laboris nisi ut aliquip ex ea commodo consequat. Duis aute irure dolor in reprehenderit in voluptate velit esse cillum dolore eu fugiat nulla pariatur. Excepteur sint occaecat cupidatat non proident, sunt in culpa qui officia deserunt mollit anim id est laborum. Index Header 3.2 Lorem ipsum dolor sit amet, consectetur adipiscing elit, sed do eiusmod tempor incididunt ut labore et dolore magna aliqua. Ut enim ad minim veniam, quis nostrud exercitation ullamco laboris nisi ut aliquip ex ea commodo consequat. Duis aute irure dolor in reprehenderit in voluptate velit esse cillum dolore eu fugiat nulla pariatur. Excepteur sint occaecat cupidatat non proident, sunt in culpa qui officia deserunt mollit anim id est laborum. Index Header 3.2.1 Lorem ipsum dolor sit amet, consectetur adipiscing elit, sed do eiusmod tempor incididunt ut labore et dolore magna aliqua. Ut enim ad minim veniam, quis nostrud exercitation ullamco laboris nisi ut aliquip ex ea commodo consequat. Duis aute irure dolor in reprehenderit in voluptate velit esse cillum dolore eu fugiat nulla pariatur. Excepteur sint occaecat cupidatat non proident, sunt in culpa qui officia deserunt mollit anim id est laborum. Index Header 3.2.1.1 Lorem ipsum dolor sit amet, consectetur adipiscing elit, sed do eiusmod tempor incididunt ut labore et dolore magna aliqua. Ut enim ad minim veniam, quis nostrud exercitation ullamco laboris nisi ut aliquip ex ea commodo consequat. Duis aute irure dolor in reprehenderit in voluptate velit esse cillum dolore eu fugiat nulla pariatur. Excepteur sint occaecat cupidatat non proident, sunt in culpa qui officia deserunt mollit anim id est laborum.",
        "url": " /p1/demo-pages/",
        "author": ""
    },
    "p1-jekyll-html": {
        "title": "Install Theme In A Jekyll Project",
        "content": "Install Theme In A Jekyll Project WARNING! This theme hasn’t been published as a Gem yet, so while these instructions should be correct once it has been published, currently it won’t work. You can add this port of the Read The Docs theme to your Jekyll project as you would normally do with any other gem-based Jekyll theme. There are two simple methods to do this: Editing your project Gemfile Manually installing the gem Edit your project Gemfile Add this line to your Jekyll site’s Gemfile: gem \"jekyll-theme-rtd\" Add this line to your Jekyll site’s _config.yml: theme: jekyll-theme-rtd And then execute: $ bundle Manually install gem Or install the gem yourself with: $ gem install jekyll-theme-rtd And add this line to your Jekyll site’s _config.yml: theme: jekyll-theme-rtd Local Jekyll to test GH Pages If you are hosting your website in GH Pages, but testing locally with Jekyll you might want to have a look at the official documentation for Testing your GitHub Pages site locally with Jekyll.",
        "url": " /p1/jekyll.html",
        "author": ""
    },
    "p1-quickstart-html": {
        "title": "🚀 Quick Start With GitHub Pages",
        "content": "🚀 Quick Start With GitHub Pages There are several ways to configure the GitHub Pages publishing source, I would recommend to use the docs folder option, as you can keep source code and documentation together in the master branch. With that in mind, there are only three steps required to get your docs up an running with this theme: Add your documentation markdown files into a docs folder at the root of your repository. Add to the docs folder a _config.yml file with this line: remote_theme: carlosperate/jekyll-theme-rtd Select your publishing source in the GitHub repository settings as indicated in the official documentation. And that’s it! There are more configuration options explained in the rest of this theme documentation, or if you prefer it you can have a look at the _config.yml file used to generate this website.",
        "url": " /p1/quickstart.html",
        "author": ""
    },
    "p1-demo-pages-test-page-html": {
        "title": "Markdown Kitchen Sink Example",
        "content": "Text can be bold, italic, or strikethrough. Link to another page. There should be whitespace between paragraphs. There should be whitespace between paragraphs. We recommend including a README, or a file with information about your project. Markdown Kitchen Sink Example This is a normal paragraph following a header. GitHub is a code hosting platform for version control and collaboration. It lets you and others work together on projects from anywhere. Kitchen Header 2 - 1 This is a blockquote following a header. When something is important enough, you do it even if the odds are not in your favor. Kitchen Header 3 - 1.1 // Javascript code with syntax highlighting. var fun = function lang(l) { dateformat.i18n = require('./lang/' + l) return true; } # Ruby code with syntax highlighting GitHubPages::Dependencies.gems.each do |gem, version| s.add_dependency(gem, \"= #{version}\") end from microbit import * while True: reading = accelerometer.get_x() if reading &gt; 20: display.show(\"R\") elif reading &lt; -20: display.show(\"L\") else: display.show(\"-\") Kitchen Header 4 - 1.1.1 This is an unordered list following a header. This is an unordered list following a header. This is an unordered list following a header. Kitchen Header 5 - 1.1.1.1 This is an ordered list following a header. This is an ordered list following a header. This is an ordered list following a header. Kitchen Header 6 - 1.1.1.1.1 head1 head two three ok good swedish fish nice out of stock good and plenty nice ok good oreos hmm ok good zoute drop yumm Kitchen Header 7 = 1.2 There’s a horizontal rule below this. Kitchen Header 8 - 1.3 Here is an unordered list: Item foo Item bar Item baz Item zip Kitchen Header 9 - 1.3 And an ordered list: Item one Item two Item three Item four Kitchen Header 10 - 1.4 And a nested list: level 1 item level 2 item level 2 item level 3 item level 3 item level 1 item level 2 item level 2 item level 2 item level 1 item level 2 item level 2 item level 1 item Kitchen Header 11 - 1.5 Nesting an ol in ul in an ol level 1 item (ul) level 2 item (ol) level 2 item (ol) level 3 item (ul) level 3 item (ul) level 1 item (ul) level 2 item (ol) level 2 item (ol) level 3 item (ul) level 3 item (ul) level 4 item (ol) level 4 item (ol) level 3 item (ul) level 3 item (ul) level 1 item (ul) Kitchen Header 12 - 1.6 And a task list Hello, this is a TODO item Hello, this is another TODO item Goodbye, this item is done Kitchen Header 13 - 2 Small image Kitchen Header 14 - 2.1 Large image Kitchen Header 15 - 2.2 Definition lists can be used with HTML syntax. Name Godzilla Born 1952 Birthplace Japan Color Green Kitchen Header 16 - 2.2.1 Long, single-line code blocks should not wrap. They should horizontally scroll if they are too long. This line should be long enough to demonstrate this. The final element.",
        "url": " /p1/demo-pages/test-page.html",
        "author": ""
    },
    "p1-demo-pages-deepersection-test-page-html": {
        "title": "A Page In A Deeper Section",
        "content": "A Page In A Deeper Section This is an page has two interesting things about it: It has the same filename as another page, but inside a subfolder It is two levels down, so while the second level shouldn’t appear up in the navigation menu on the left, you can still see it in the breadcrumbs at the top",
        "url": " /p1/demo-pages/deepersection/test-page.html",
        "author": ""
    },
    ".": {
        ".": "."
    }
}
